{
  "id": "2093292",
  "name": "雷神",
  "font_family": "iconfont",
  "css_prefix_text": "icon-",
  "description": "",
  "glyphs": [
    {
      "icon_id": "5591011",
      "name": "星星",
      "font_class": "xingxing",
      "unicode": "e741",
      "unicode_decimal": 59201
    },
    {
      "icon_id": "7852904",
      "name": "播放",
      "font_class": "shipin",
      "unicode": "e62e",
      "unicode_decimal": 58926
    },
    {
      "icon_id": "12976229",
      "name": "实箭头 左 left",
      "font_class": "iconshijiantouright",
      "unicode": "e606",
      "unicode_decimal": 58886
    },
    {
      "icon_id": "13622876",
      "name": "实箭头 右 right",
      "font_class": "shijiantouyou",
      "unicode": "e607",
      "unicode_decimal": 58887
    },
    {
      "icon_id": "3443559",
      "name": "播放",
      "font_class": "bofang",
      "unicode": "e612",
      "unicode_decimal": 58898
    },
    {
      "icon_id": "4133760",
      "name": "时间 历史记录 计时 钟表 面性",
      "font_class": "shijianlishijilujishizhongbiaomianxing",
      "unicode": "e896",
      "unicode_decimal": 59542
    },
    {
      "icon_id": "5831057",
      "name": "左右箭头",
      "font_class": "left",
      "unicode": "e601",
      "unicode_decimal": 58881
    },
    {
      "icon_id": "7443481",
      "name": "上箭头",
      "font_class": "arrow-up",
      "unicode": "e603",
      "unicode_decimal": 58883
    },
    {
      "icon_id": "7872529",
      "name": "心 爱心",
      "font_class": "xinaixin",
      "unicode": "e644",
      "unicode_decimal": 58948
    },
    {
      "icon_id": "8334817",
      "name": "上箭头",
      "font_class": "arrow-down",
      "unicode": "e604",
      "unicode_decimal": 58884
    },
    {
      "icon_id": "10172816",
      "name": "二维码",
      "font_class": "qrcode",
      "unicode": "e602",
      "unicode_decimal": 58882
    },
    {
      "icon_id": "11014072",
      "name": "人",
      "font_class": "ren",
      "unicode": "e68d",
      "unicode_decimal": 59021
    },
    {
      "icon_id": "12889687",
      "name": "左右箭头",
      "font_class": "zuoyoujiantou",
      "unicode": "e605",
      "unicode_decimal": 58885
    },
    {
      "icon_id": "26966",
      "name": "菜单",
      "font_class": "caidan",
      "unicode": "e6dc",
      "unicode_decimal": 59100
    },
    {
      "icon_id": "938858",
      "name": "放大镜",
      "font_class": "fangdajing",
      "unicode": "e641",
      "unicode_decimal": 58945
    },
    {
      "icon_id": "2059304",
      "name": "下载",
      "font_class": "xiazai",
      "unicode": "e685",
      "unicode_decimal": 59013
    },
    {
      "icon_id": "2693816",
      "name": "以旧换新",
      "font_class": "yijiuhuanxin",
      "unicode": "e60f",
      "unicode_decimal": 58895
    },
    {
      "icon_id": "4712924",
      "name": "记事本",
      "font_class": "jishiben",
      "unicode": "e63f",
      "unicode_decimal": 58943
    },
    {
      "icon_id": "4944156",
      "name": "购物车",
      "font_class": "gouwuche",
      "unicode": "e600",
      "unicode_decimal": 58880
    },
    {
      "icon_id": "10400567",
      "name": "耳机",
      "font_class": "erji",
      "unicode": "e625",
      "unicode_decimal": 58917
    }
  ]
}
